<?xml version="1.0" encoding="UTF-8" standalone="yes"?>
<addon id="repository.skinbase.18" name="[COLOR orange]G[/COLOR]UIDO[COLOR orange]S[/COLOR] [COLOR orange]S[/COLOR]KINBAS[COLOR orange]E[/COLOR] Only Skins for 18" version="3.1.40" provider-name="[COLOR orange]GUIDO[/COLOR] | [COLOR skyblue]Kodiman[/COLOR] | [COLOR orange]HSK-DE[/COLOR]">
	<extension point="xbmc.addon.repository" name="GUIDOS SKINBASE REPO">
	<dir>
		<info compressed="false">https://raw.github.com/kaffepausse71/SKINBASE18/master/addons.xml</info>
		<checksum>https://raw.github.com/kaffepausse71/SKINBASE18/master/addons.xml.md5</checksum>
		<datadir zip="true">https://raw.github.com/kaffepausse71/SKINBASE18/master/</datadir>
		<hashes>false</hashes>
	</dir>
	</extension>
	<extension point="xbmc.addon.metadata">
		<summary>[COLOR orange]G[/COLOR]uido[COLOR orange]s[/COLOR] [COLOR orange]S[/COLOR]KINBAS[COLOR orange]E[/COLOR] Repo</summary>
<description lang="de_DE">In Guidos SKINBASE findet ihr Skins für die Kodi Versionen von 16 bis 19 aus aller Welt.
Die Skins sind für die jeweiligen Kodi Versionen farblich markiert. Des weiteren findet ihr auch weitere Repos sowie alle Addons Abhängikeiten in der Repo die für die Skins benötigt werden.
Die SkinBase wird ständig erweitert und verbessert. Hinzugekommen sind Skins mit Topics Loader , diese sind EXTRA mit Roter schrift versehen und ermöglichen mit einem Skin unzählige Themen oder Hintergrundbilder zu wechseln. Viel Spass wünschen euch Guido und sowie das SKINBASE TEAM.</description>
		<description lang="en_GB">In Guidos SKINBASE you will find skins for the Kodi versions from 16 to 19 from all over the world.
The skins are color-coded for the respective Kodi versions. Furthermore, you will also find other repos and all addons dependencies in the repo that are required for the skins.
The SkinBase is constantly being expanded and improved. Added to this are skins with Topics Loader, these are EXTRA with red letters and allow you to change countless themes or background images with one skin. Guido and the SKINBASE TEAM wish you lots of fun.</description>
        <platform>all</platform>
        <platform>all</platform>
		<assets>
			<icon>resources/icon.png</icon>
			<fanart>resources/fanart.jpg</fanart>
			<screenshot>resources/screenshot-01.jpg</screenshot>
			<screenshot>resources/screenshot-02.jpg</screenshot>
			<screenshot>resources/screenshot-03.jpg</screenshot>
			<screenshot>resources/screenshot-04.jpg</screenshot>
		</assets>
	</extension>
</addon>
